"Time (s)","Angular velocity x (rad/s)","Angular velocity y (rad/s)","Angular velocity z (rad/s)"
0.000000000E0,-3.701793901E-2,2.743055912E-2,1.624528259E-2
1.000000000E-1,-8.695220926E-2,2.530003026E-2,1.265001513E-2
2.000000000E-1,-8.815063175E-2,2.170476280E-2,1.651159870E-2
3.000000000E-1,-3.555320042E-2,2.876213966E-2,1.398159567E-2
4.000000000E-1,1.198422486E-3,2.689792691E-2,1.957423394E-2
5.000000000E-1,5.872270181E-2,2.183792086E-2,2.010686615E-2
6.000000000E-1,9.108010894E-2,2.330265945E-2,1.944107588E-2
7.000000000E-1,1.004011727E-1,2.663161080E-2,1.917475978E-2
8.000000000E-1,1.318264735E-2,2.583266248E-2,2.117213059E-2
9.000000000E-1,-8.761799953E-2,1.917475978E-2,2.210423696E-2
1.000000000E0,-9.241168948E-2,2.849582356E-2,1.571265037E-2
1.100000000E0,-7.536745856E-2,2.356897556E-2,1.717738897E-2
1.200000000E0,-1.062601271E-1,2.050634032E-2,1.571265037E-2
1.300000000E0,-7.909588408E-2,1.677791480E-2,1.624528259E-2
1.400000000E0,-3.728425512E-3,2.769687523E-2,1.025317016E-2
1.500000000E0,1.717738897E-2,1.864212756E-2,2.769687523E-2
1.600000000E0,1.970739199E-2,3.701793901E-2,7.989483240E-3
1.700000000E0,-4.048004842E-2,4.367584171E-2,2.450108194E-2
1.800000000E0,-5.379585382E-2,1.438106983E-2,2.543318831E-2
1.900000000E0,5.858954376E-3,2.277002723E-2,1.797633729E-2
2.000000000E0,-5.845638571E-2,4.034689036E-2,1.824265340E-2
2.100000000E0,-1.643170386E-1,3.941478398E-2,1.930791783E-2
2.200000000E0,3.821636150E-2,2.316950140E-2,2.090581448E-2
2.300000000E0,6.005428235E-2,3.755057123E-2,1.251685708E-2
2.400000000E0,-6.657902700E-3,4.727110917E-2,1.478054399E-2
2.500000000E0,-2.862898161E-2,1.957423394E-2,2.157160475E-2
2.600000000E0,-2.482066127E-1,-3.675162290E-2,-2.942792993E-2
2.700000000E0,9.227853142E-2,4.780374139E-2,1.398159567E-2
2.800000000E0,-1.717738897E-2,2.130528864E-2,1.331580540E-2
2.900000000E0,-7.430219413E-2,-1.597896648E-3,2.303634334E-2
3.000000000E0,-4.261057728E-2,6.458165619E-2,2.516687221E-2
3.100000000E0,1.394164825E-1,3.408846182E-2,3.355582961E-2
3.200000000E0,1.788312665E-1,-2.370213361E-2,-1.065264432E-3
3.300000000E0,1.038632821E-2,7.590009078E-2,1.877528561E-2
3.400000000E0,-2.507366157E-1,4.114583869E-2,1.491370205E-2
3.500000000E0,-7.310377165E-2,2.796319134E-2,2.396844972E-3
3.600000000E0,1.178448778E-1,1.784317924E-2,2.063949837E-2
3.700000000E0,1.974733941E-1,1.877528561E-2,2.530003026E-2
3.800000000E0,8.388957402E-3,-6.072007262E-2,1.637844064E-2
3.900000000E0,-4.953479609E-2,1.304948929E-2,1.957423394E-2
4.000000000E0,2.956108799E-2,6.138586289E-2,3.169161685E-2
4.100000000E0,-1.557949232E-2,-3.408846182E-2,1.464738594E-2
4.200000000E0,-1.326254218E-1,2.929477188E-2,5.326322160E-3
4.300000000E0,-2.579271506E-1,3.781688734E-2,1.331580540E-2
4.400000000E0,-3.444798857E-1,2.569950442E-2,1.797633729E-2
4.500000000E0,-4.103931224E-1,1.837581145E-2,5.193164106E-3
4.600000000E0,-3.925499432E-1,5.858954376E-3,1.065264432E-2
4.700000000E0,-3.524693689E-1,4.527373836E-2,7.723167132E-3
4.800000000E0,-2.435460808E-1,1.119859234E-1,1.531317621E-2
4.900000000E0,-1.483380722E-1,-1.198422486E-3,1.078580237E-2
5.000000000E0,-1.251685708E-2,9.187905726E-3,2.263686918E-2
5.100000000E0,4.460794809E-2,7.190534916E-3,2.237055307E-2
5.200000000E0,3.621899069E-2,2.796319134E-3,2.809634939E-2
5.300000000E0,-1.238369902E-2,-5.219795717E-2,1.344896345E-2
5.400000000E0,-9.414274418E-2,2.889529772E-2,1.597896648E-2
5.500000000E0,-2.197107891E-1,1.038632821E-2,1.025317016E-2
5.600000000E0,-3.219761746E-1,8.255799348E-3,7.456851024E-3
5.700000000E0,-3.745736059E-1,1.864212756E-3,8.921589618E-3
5.800000000E0,-3.950799462E-1,7.456851024E-3,3.062635242E-3
5.900000000E0,-3.624562230E-1,5.166532495E-2,9.986854050E-3
6.000000000E0,-2.693787432E-1,1.225054097E-2,7.456851024E-3
6.100000000E0,-1.597896648E-1,4.127899674E-2,1.358212151E-2
6.200000000E0,-4.713795112E-2,-2.316950140E-2,1.597896648E-2
6.300000000E0,-1.065264432E-3,5.273058938E-2,1.464738594E-2
6.400000000E0,1.531317621E-2,-2.862898161E-2,7.989483240E-3
6.500000000E0,2.676476885E-2,-4.940163803E-2,2.623213664E-2
6.600000000E0,-1.002680147E-1,2.769687523E-2,1.051948627E-2
6.700000000E0,-1.882854884E-1,1.917475978E-2,5.326322160E-3
6.800000000E0,-3.183809071E-1,1.085238140E-1,1.491370205E-2
6.900000000E0,-3.737746576E-1,3.528688431E-2,5.193164106E-3
7.000000000E0,-4.074636452E-1,7.736482937E-2,2.796319134E-3
7.100000000E0,-3.669835968E-1,2.809634939E-2,2.663161080E-3
7.200000000E0,-3.095924756E-1,5.352953771E-2,1.171790875E-2
7.300000000E0,-1.936118105E-1,2.157160475E-2,1.185106681E-2
7.400000000E0,-1.021322274E-1,5.699164711E-2,1.344896345E-2
7.500000000E0,-4.527373836E-3,-2.010686615E-2,1.837581145E-2
7.600000000E0,6.364954981E-2,3.408846182E-2,2.356897556E-2
7.700000000E0,8.122641294E-3,1.051948627E-2,2.876213966E-2
7.800000000E0,-7.390271997E-2,2.530003026E-2,6.924218808E-3
7.900000000E0,-1.620533517E-1,8.761799953E-2,1.438106983E-2
8.000000000E0,-2.672482144E-1,4.354268366E-2,9.587379888E-3
8.100000000E0,-3.185140652E-1,4.247741923E-2,1.371527956E-2
8.200000000E0,-3.906857304E-1,-5.858954376E-3,3.595267458E-3
8.300000000E0,-3.567304267E-1,4.314320950E-2,7.989483240E-3
8.400000000E0,-3.111903722E-1,4.394215782E-2,1.038632821E-2
8.500000000E0,-2.390187069E-1,1.226385677E-1,-1.731054702E-3
8.600000000E0,-1.225054097E-1,-6.391586592E-2,1.171790875E-2
8.700000000E0,-4.287689339E-2,5.712480517E-2,1.478054399E-2
8.800000000E0,1.065264432E-2,9.960222439E-2,1.091896043E-2
8.900000000E0,1.384843762E-2,1.824265340E-2,2.756371718E-2
9.000000000E0,-4.127899674E-2,6.604639478E-2,1.291633124E-2
9.100000000E0,-1.431449080E-1,5.499427630E-2,1.012001210E-2
9.200000000E0,-2.237055307E-1,3.275688128E-2,1.012001210E-2
9.300000000E0,-3.290335514E-1,2.876213966E-2,1.065264432E-2
9.400000000E0,-3.834951955E-1,9.733853747E-2,2.663161080E-4
9.500000000E0,-3.878894113E-1,3.861583566E-2,7.057376862E-3
9.600000000E0,-2.857571839E-1,-5.898901792E-2,1.145159264E-2
9.700000000E0,-2.585929409E-1,4.434163198E-2,1.012001210E-2
9.800000000E0,-1.624528259E-1,6.524744646E-2,9.853695996E-3
9.900000000E0,-5.499427630E-2,-2.223739502E-2,2.356897556E-2
1.000000000E1,0.000000000E0,2.969424604E-2,1.424791178E-2
1.010000000E1,-1.691107286E-2,-4.261057728E-2,2.663161080E-2
1.020000000E1,-4.354268366E-2,6.271744343E-2,1.597896648E-2
1.030000000E1,-1.163801392E-1,5.858954376E-2,9.587379888E-3
1.040000000E1,-1.893507528E-1,3.368898766E-2,1.731054702E-2
1.050000000E1,-2.711097979E-1,2.050634032E-2,7.723167132E-3
1.060000000E1,-3.639209616E-1,5.566006657E-2,1.118527654E-2
1.070000000E1,-3.719104448E-1,4.314320950E-2,5.193164106E-3
1.080000000E1,-3.567304267E-1,7.297061359E-2,5.326322160E-3
1.090000000E1,-2.644518952E-1,4.141215479E-2,1.131843459E-2
1.100000000E1,-2.127865703E-1,-2.263686918E-3,1.664475675E-2
1.110000000E1,-1.093227623E-1,4.833637360E-2,1.957423394E-2
1.120000000E1,-4.221110312E-2,-4.207794506E-2,1.930791783E-2
1.130000000E1,1.438106983E-2,-4.394215782E-3,1.118527654E-2
1.140000000E1,-3.328951350E-3,-2.263686918E-2,2.556634637E-2
1.150000000E1,-8.588694483E-2,5.512743436E-2,1.251685708E-2
1.160000000E1,-1.600559809E-1,3.701793901E-2,1.398159567E-2
1.170000000E1,-2.693787432E-1,6.711165922E-2,5.725796322E-3
1.180000000E1,-3.178482749E-1,5.539375046E-2,8.122641294E-3
1.190000000E1,-3.462109404E-1,-3.249056518E-2,7.723167132E-3
1.200000000E1,-3.479419951E-1,3.581951653E-2,3.861583566E-3
1.210000000E1,-3.348925058E-1,1.202417228E-1,3.195793296E-3
1.220000000E1,-2.330265945E-1,3.648530680E-2,1.424791178E-2
1.230000000E1,-1.347559506E-1,4.008057425E-2,1.597896648E-2
1.240000000E1,-6.910903003E-2,3.928162593E-2,1.957423394E-2
1.250000000E1,-6.231796927E-2,8.322378375E-2,2.130528864E-3
1.260000000E1,-1.145159264E-2,6.977482030E-2,1.091896043E-2
1.270000000E1,-7.217166527E-2,-2.157160475E-2,1.198422486E-2
1.280000000E1,-1.142496103E-1,3.462109404E-2,9.187905726E-3
1.290000000E1,-2.109223575E-1,1.291633124E-2,8.921589618E-3
1.300000000E1,-3.370230347E-1,6.205165316E-2,-1.997370810E-3
1.310000000E1,-3.468767307E-1,2.343581750E-2,1.158475070E-2
1.320000000E1,-3.137203752E-1,1.784317924E-2,2.183792086E-2
1.330000000E1,-3.273024967E-1,8.295746764E-2,8.388957402E-3
1.340000000E1,-2.916161383E-1,4.500742225E-2,4.394215782E-3
1.350000000E1,-1.834917984E-1,-2.396844972E-3,1.105211848E-2
1.360000000E1,-1.129180298E-1,6.804376559E-2,2.010686615E-2
1.370000000E1,-7.363640386E-2,4.833637360E-2,9.321063780E-3
1.380000000E1,-1.677791480E-2,-1.331580540E-3,2.237055307E-2
1.390000000E1,1.145159264E-2,-3.994741620E-4,3.142530074E-2
1.400000000E1,-8.562062872E-2,2.609897858E-2,1.478054399E-2
1.410000000E1,-1.729723121E-1,1.531317621E-2,1.012001210E-2
1.420000000E1,-2.601908375E-1,5.193164106E-3,1.438106983E-2
1.430000000E1,-3.025350987E-1,3.009372020E-2,1.171790875E-2
1.440000000E1,-3.523362109E-1,-1.944107588E-2,5.858954376E-3
1.450000000E1,-3.300988159E-1,1.664475675E-2,7.456851024E-3
1.460000000E1,-2.810966520E-1,-4.966795414E-2,7.723167132E-3
1.470000000E1,-2.169144700E-1,2.530003026E-2,1.198422486E-2
1.480000000E1,-1.263669932E-1,4.500742225E-2,1.717738897E-2
1.490000000E1,-5.446164409E-2,1.025317016E-2,1.504686010E-2
1.500000000E1,-5.033374441E-2,3.195793296E-2,1.358212151E-2
1.510000000E1,-5.659217295E-2,8.122641294E-3,1.584580843E-2
1.520000000E1,-5.219795717E-2,6.418218203E-2,2.649845275E-2
1.530000000E1,-1.338238443E-1,3.315635545E-2,2.143844669E-2
1.540000000E1,-2.130528864E-1,1.717738897E-2,6.657902700E-3
1.550000000E1,-3.018693084E-1,-3.328951350E-2,-7.190534916E-3
1.560000000E1,-3.312972384E-1,7.590009078E-3,1.012001210E-2
1.570000000E1,-3.307646061E-1,-7.989483240E-4,-1.731054702E-3
1.580000000E1,-3.081277370E-1,3.808320344E-2,1.038632821E-2
1.590000000E1,-2.605903117E-1,1.411475372E-2,1.038632821E-2
1.600000000E1,-1.804291632E-1,-1.131843459E-2,8.388957402E-3
1.610000000E1,-9.840380191E-2,1.757686313E-2,1.664475675E-2
1.620000000E1,-4.993427025E-2,-3.209109101E-2,2.729740107E-2
1.630000000E1,-2.503371415E-2,7.989483240E-4,1.411475372E-2
1.640000000E1,-4.607268668E-2,5.912217598E-2,1.704423091E-2
1.650000000E1,-1.079911818E-1,3.328951350E-2,1.810949534E-2
1.660000000E1,-1.842907467E-1,6.977482030E-2,9.587379888E-3
1.670000000E1,-2.530003026E-1,3.435477793E-2,1.065264432E-2
1.680000000E1,-2.886866611E-1,-2.410160777E-2,1.105211848E-2
1.690000000E1,-3.162503782E-1,3.648530680E-2,1.491370205E-2
1.700000000E1,-3.285009192E-1,8.122641294E-3,1.185106681E-2
1.710000000E1,-2.304965915E-1,-8.362325791E-2,1.984055005E-2
1.720000000E1,-2.439455549E-1,4.607268668E-2,3.861583566E-3
1.730000000E1,-1.496696527E-1,2.862898161E-2,1.731054702E-2
1.740000000E1,-1.151817167E-1,6.684534311E-2,1.371527956E-2
1.750000000E1,-5.885585987E-2,3.555320042E-2,1.651159870E-2
1.760000000E1,-4.846953166E-2,3.408846182E-2,6.924218808E-3
1.770000000E1,-9.347695391E-2,6.431534008E-2,9.187905726E-3
1.780000000E1,-1.569933457E-1,2.117213059E-2,3.062635242E-3
1.790000000E1,-2.138518347E-1,5.526059241E-2,1.211738291E-2
1.800000000E1,-2.741724332E-1,2.569950442E-2,1.198422486E-2
1.810000000E1,-3.201119618E-1,5.113269274E-2,4.660531890E-3
1.820000000E1,-3.298324998E-1,2.996056215E-2,9.187905726E-3
1.830000000E1,-3.055977339E-1,-1.970739199E-2,5.326322160E-4
1.840000000E1,-2.711097979E-1,2.743055912E-2,9.454221834E-3
1.850000000E1,-1.973402360E-1,9.214537337E-2,-6.657902700E-3
1.860000000E1,-1.234375161E-1,6.258428538E-2,1.544633426E-2
1.870000000E1,-7.443535219E-2,7.709851327E-2,1.837581145E-2
1.880000000E1,-6.378270787E-2,1.051948627E-2,1.091896043E-2
1.890000000E1,-6.990797835E-2,-3.222424907E-2,7.989483240E-3
1.900000000E1,-1.069259174E-1,4.154531285E-2,1.917475978E-2
1.910000000E1,-1.521996557E-1,2.729740107E-2,2.117213059E-2
1.920000000E1,-2.138518347E-1,2.822950745E-2,1.105211848E-2
1.930000000E1,-2.869556064E-1,2.490055610E-2,1.038632821E-2
1.940000000E1,-3.298324998E-1,4.141215479E-2,1.012001210E-2
1.950000000E1,-3.234409132E-1,5.046690247E-2,1.091896043E-2
1.960000000E1,-2.876213966E-1,-1.757686313E-2,6.791060754E-3
1.970000000E1,-2.567287281E-1,6.791060754E-2,1.331580540E-2
1.980000000E1,-1.830923242E-1,-5.060006052E-3,1.731054702E-2
1.990000000E1,-1.005343308E-1,4.673847695E-2,1.850896951E-2
2.000000000E1,-5.819006960E-2,4.913532193E-2,1.771002118E-2
2.010000000E1,-4.367584171E-2,2.663161080E-2,1.904160172E-2
2.020000000E1,-5.446164409E-2,-3.768372928E-2,2.290318529E-2
2.030000000E1,-1.491370205E-1,2.876213966E-2,8.122641294E-3
2.040000000E1,-1.841575887E-1,3.368898766E-2,1.278317318E-2
2.050000000E1,-2.556634637E-1,3.302319739E-2,1.025317016E-2
2.060000000E1,-2.993393054E-1,3.675162290E-2,8.522115456E-3
2.070000000E1,-3.210440682E-1,4.660531890E-3,2.436792388E-2
2.080000000E1,-3.057308920E-1,3.675162290E-2,4.926847998E-3
2.090000000E1,-2.668487402E-1,1.424791178E-1,2.796319134E-2
2.100000000E1,-2.159823636E-1,1.198422486E-2,1.331580540E-2
2.110000000E1,-1.408812211E-1,-7.190534916E-3,1.344896345E-2
2.120000000E1,-8.602010288E-2,6.924218808E-3,2.130528864E-2
2.130000000E1,-6.165217900E-2,1.904160172E-2,1.518001816E-2
2.140000000E1,-5.233111522E-2,9.001484450E-2,1.637844064E-2
2.150000000E1,-9.547432472E-2,2.090581448E-2,1.012001210E-2
2.160000000E1,-1.672465158E-1,1.624528259E-2,5.060006052E-3
2.170000000E1,-2.009355035E-1,3.235740712E-2,1.451422789E-2
2.180000000E1,-2.728408526E-1,2.010686615E-2,1.051948627E-2
2.190000000E1,-3.026682567E-1,3.129214269E-2,8.655273510E-3
2.200000000E1,-3.230414390E-1,4.700479306E-2,4.261057728E-3
2.210000000E1,-2.984071990E-1,8.708536732E-2,7.989483240E-3
2.220000000E1,-2.596582053E-1,-1.331580540E-4,1.198422486E-2
2.230000000E1,-2.284992207E-1,3.528688431E-2,1.997370810E-3
2.240000000E1,-1.343564765E-1,-9.187905726E-3,1.691107286E-2
2.250000000E1,-8.894958007E-2,1.930791783E-2,9.986854050E-3
2.260000000E1,-9.241168948E-2,4.074636452E-2,1.571265037E-2
2.270000000E1,-9.587379888E-2,2.636529469E-2,1.571265037E-2
2.280000000E1,-9.920275023E-2,-5.099953468E-2,1.997370810E-2
2.290000000E1,-1.752359991E-1,3.528688431E-2,1.251685708E-2
2.300000000E1,-1.743038927E-1,-5.659217295E-2,2.996056215E-2
2.310000000E1,-2.652508436E-1,-8.655273510E-3,1.225054097E-2
2.320000000E1,-3.051982598E-1,1.704423091E-2,9.587379888E-3
2.330000000E1,-3.324956608E-1,6.111954679E-2,7.723167132E-3
2.340000000E1,-2.829608648E-1,1.744370507E-2,1.051948627E-2
2.350000000E1,-2.360892297E-1,-9.014800256E-2,2.396844972E-3
2.360000000E1,-1.591238745E-1,-4.221110312E-2,1.557949232E-2
2.370000000E1,-1.315601574E-1,5.006742830E-2,7.590009078E-3
2.380000000E1,-9.707222137E-2,5.086637663E-2,1.957423394E-2
2.390000000E1,-8.029430656E-2,7.323692970E-3,1.518001816E-2
2.400000000E1,-7.896272602E-2,-1.225054097E-2,2.316950140E-2
2.410000000E1,-1.362206892E-1,4.780374139E-2,1.158475070E-2
2.420000000E1,-1.821602179E-1,1.637844064E-2,7.590009078E-3
2.430000000E1,-2.411492358E-1,8.508799651E-2,1.065264432E-2
2.440000000E1,-2.794987553E-1,6.431534008E-2,1.544633426E-2
2.450000000E1,-3.012035181E-1,4.993427025E-2,1.331580540E-3
2.460000000E1,-3.008040440E-1,1.344896345E-2,3.062635242E-3
2.470000000E1,-2.810966520E-1,1.864212756E-3,1.997370810E-3
2.480000000E1,-2.262355337E-1,1.744370507E-2,1.824265340E-2
2.490000000E1,-1.760349474E-1,2.729740107E-2,9.986854050E-3
2.500000000E1,-1.391501664E-1,2.716424302E-2,1.544633426E-2
2.510000000E1,-1.173122456E-1,7.869640991E-2,-1.198422486E-3
2.520000000E1,-8.349009986E-2,2.543318831E-2,1.744370507E-2
2.530000000E1,-1.121190815E-1,-6.657902700E-4,1.731054702E-2
2.540000000E1,-1.448759628E-1,2.130528864E-2,7.190534916E-3
2.550000000E1,-2.009355035E-1,1.771002118E-2,1.651159870E-2
2.560000000E1,-2.596582053E-1,2.796319134E-2,6.524744646E-3
2.570000000E1,-2.773682265E-1,2.609897858E-2,1.518001816E-2
2.580000000E1,-2.822950745E-1,-2.756371718E-2,6.791060754E-3
2.590000000E1,-2.933471930E-1,2.862898161E-2,1.038632821E-2
2.600000000E1,-2.708434818E-1,1.519333396E-1,1.464738594E-2
2.610000000E1,-2.198439472E-1,9.321063780E-4,7.456851024E-3
2.620000000E1,-1.757686313E-1,3.901530982E-2,1.091896043E-2
2.630000000E1,-1.407480631E-1,2.876213966E-2,1.238369902E-2
2.640000000E1,-9.094695088E-2,2.157160475E-2,1.944107588E-2
2.650000000E1,-1.215733033E-1,2.583266248E-2,6.791060754E-3
2.660000000E1,-1.130511878E-1,1.411475372E-2,8.655273510E-3
2.670000000E1,-1.732386283E-1,6.884271392E-2,4.660531890E-3
2.680000000E1,-2.049302451E-1,2.356897556E-2,1.158475070E-2
2.690000000E1,-2.394181811E-1,-7.723167132E-3,1.810949534E-2
2.700000000E1,-2.908171899E-1,3.981425815E-2,9.986854050E-3
2.710000000E1,-3.161172202E-1,4.154531285E-2,6.125270484E-3
2.720000000E1,-2.639192630E-1,-1.331580540E-3,7.057376862E-3
2.730000000E1,-2.511360898E-1,9.147958310E-2,5.459480214E-3
2.740000000E1,-1.956091813E-1,2.157160475E-2,1.518001816E-2
2.750000000E1,-1.797633729E-1,8.415589013E-2,8.388957402E-3
2.760000000E1,-1.261006771E-1,3.129214269E-2,1.864212756E-2
2.770000000E1,-9.973538245E-2,3.249056518E-2,1.531317621E-2
2.780000000E1,-7.656588105E-2,-3.075951047E-2,1.771002118E-2
2.790000000E1,-1.265001513E-1,1.531317621E-2,2.050634032E-2
2.800000000E1,-1.560612393E-1,-1.877528561E-2,1.131843459E-2
2.810000000E1,-2.167813119E-1,2.103897253E-2,1.291633124E-2
2.820000000E1,-2.523345123E-1,-3.222424907E-2,1.691107286E-2
2.830000000E1,-2.830940228E-1,3.861583566E-2,6.924218808E-3
2.840000000E1,-3.045324695E-1,3.249056518E-2,9.187905726E-3
2.850000000E1,-2.475408224E-1,1.544633426E-2,1.904160172E-2
2.860000000E1,-2.238386888E-1,-3.755057123E-2,1.251685708E-2
2.870000000E1,-1.721733638E-1,5.805691154E-2,8.255799348E-3
2.880000000E1,-1.251685708E-1,-2.636529469E-2,1.278317318E-2
2.890000000E1,-1.066596013E-1,1.784317924E-2,1.371527956E-2
2.900000000E1,-9.827064385E-2,6.684534311E-2,1.012001210E-2
2.910000000E1,-1.141164523E-1,4.593952863E-2,1.611212453E-2
2.920000000E1,-1.253017288E-1,2.689792691E-2,7.323692970E-3
2.930000000E1,-1.878860142E-1,6.431534008E-2,1.704423091E-2
2.940000000E1,-2.269013240E-1,1.131843459E-2,1.038632821E-2
2.950000000E1,-2.600576795E-1,6.218481122E-2,7.590009078E-3
2.960000000E1,-2.909503480E-1,2.343581750E-2,1.038632821E-2
2.970000000E1,-2.833603389E-1,7.456851024E-3,8.788431564E-3
2.980000000E1,-2.958771960E-1,4.900216387E-2,2.796319134E-3
2.990000000E1,-2.167813119E-1,-1.744370507E-2,3.861583566E-3
3.000000000E1,-2.320944881E-1,1.130511878E-1,-5.992112430E-3
3.010000000E1,-1.378185859E-1,-2.530003026E-3,1.651159870E-2
3.020000000E1,-1.038632821E-1,3.036003631E-2,2.396844972E-2
3.030000000E1,-1.095890784E-1,2.303634334E-2,1.438106983E-2
3.040000000E1,-1.199754067E-1,4.287689339E-2,3.728425512E-3
3.050000000E1,-1.516670235E-1,3.595267458E-2,9.853695996E-3
3.060000000E1,-1.748365249E-1,1.771002118E-2,1.225054097E-2
3.070000000E1,-2.274339562E-1,2.383529167E-2,1.251685708E-2
3.080000000E1,-2.556634637E-1,-2.769687523E-2,1.344896345E-2
3.090000000E1,-2.728408526E-1,3.528688431E-2,1.051948627E-2
3.100000000E1,-2.705771657E-1,4.940163803E-2,5.725796322E-3
3.110000000E1,-2.312955398E-1,2.263686918E-3,2.077265642E-2
3.120000000E1,-2.127865703E-1,3.821636150E-2,1.211738291E-2
3.130000000E1,-1.764344216E-1,-3.382214572E-2,0.000000000E0
3.140000000E1,-1.286306802E-1,6.884271392E-2,1.291633124E-2
3.150000000E1,-1.382180601E-1,6.285060149E-2,4.261057728E-3
3.160000000E1,-1.388838503E-1,4.753742528E-2,9.720537942E-3
3.170000000E1,-1.099885526E-1,4.913532193E-2,1.824265340E-2
3.180000000E1,-1.737712605E-1,-1.877528561E-2,1.331580540E-2
3.190000000E1,-1.938781266E-1,2.902845577E-2,1.864212756E-3
3.200000000E1,-2.258360596E-1,2.769687523E-2,8.522115456E-3
3.210000000E1,-2.732403268E-1,6.724481727E-2,1.411475372E-2
3.220000000E1,-2.619218922E-1,6.791060754E-2,1.238369902E-2
3.230000000E1,-2.752376976E-1,7.816377770E-2,6.657902700E-3
3.240000000E1,-2.379534425E-1,-2.263686918E-3,5.858954376E-3
3.250000000E1,-2.151834153E-1,3.502056820E-2,1.265001513E-2
3.260000000E1,-1.471396497E-1,1.021322274E-1,1.664475675E-2
3.270000000E1,-1.367533215E-1,-7.323692970E-3,2.037318226E-2
3.280000000E1,-1.251685708E-1,3.781688734E-2,5.326322160E-3
3.290000000E1,-1.178448778E-1,-1.890844367E-2,1.091896043E-2
3.300000000E1,-1.279648899E-1,2.530003026E-2,1.997370810E-2
3.310000000E1,-1.597896648E-1,4.873584776E-2,1.970739199E-2
3.320000000E1,-2.109223575E-1,9.454221834E-3,1.771002118E-2
3.330000000E1,-2.283660626E-1,6.325007565E-2,9.720537942E-3
3.340000000E1,-2.981408829E-1,9.361011196E-2,1.344896345E-2
3.350000000E1,-2.665824241E-1,1.304948929E-2,1.291633124E-2
3.360000000E1,-2.197107891E-1,-7.629956494E-2,9.321063780E-3
3.370000000E1,-2.312955398E-1,1.371527956E-2,7.989483240E-3
3.380000000E1,-2.004028713E-1,1.917475978E-2,1.078580237E-2
3.390000000E1,-2.029328743E-1,8.948221229E-2,5.592638268E-3
3.400000000E1,-1.338238443E-1,-3.874899371E-2,1.225054097E-2
3.410000000E1,-1.326254218E-1,9.321063780E-4,9.321063780E-3
3.420000000E1,-1.366201634E-1,2.463423999E-2,1.384843762E-2
3.430000000E1,-1.323591057E-1,2.450108194E-2,1.464738594E-2
3.440000000E1,-1.869539078E-1,5.645901490E-2,9.321063780E-3
3.450000000E1,-2.274339562E-1,4.846953166E-2,1.225054097E-2
3.460000000E1,-2.371544942E-1,2.929477188E-2,1.291633124E-2
3.470000000E1,-2.649845275E-1,-2.157160475E-2,2.530003026E-2
3.480000000E1,-2.637861050E-1,4.514058031E-2,6.125270484E-3
3.490000000E1,-2.250371113E-1,7.989483240E-3,9.454221834E-3
3.500000000E1,-2.374208103E-1,4.687163501E-2,8.921589618E-3
3.510000000E1,-1.992044488E-1,3.262372323E-2,1.265001513E-2
3.520000000E1,-1.593901906E-1,-5.992112430E-3,1.850896951E-2
3.530000000E1,-1.387506923E-1,3.036003631E-2,1.624528259E-2
3.540000000E1,-1.314269993E-1,6.471481424E-2,6.391586592E-3
3.550000000E1,-1.173122456E-1,1.225054097E-2,2.703108496E-2
3.560000000E1,-1.544633426E-1,4.008057425E-2,1.478054399E-2
3.570000000E1,-1.756354732E-1,5.193164106E-3,1.211738291E-2
3.580000000E1,-2.167813119E-1,2.676476885E-2,9.187905726E-3
3.590000000E1,-2.336923848E-1,1.544633426E-2,8.122641294E-3
3.600000000E1,-2.440787130E-1,2.330265945E-2,2.223739502E-2
3.610000000E1,-2.612561019E-1,4.114583869E-2,1.411475372E-2
3.620000000E1,-2.218413180E-1,-6.924218808E-3,1.318264735E-2
3.630000000E1,-2.319613301E-1,6.111954679E-2,9.853695996E-3
3.640000000E1,-1.960086555E-1,1.824265340E-2,1.504686010E-2
3.650000000E1,-1.641838806E-1,5.246427328E-2,1.012001210E-2
3.660000000E1,-1.500691269E-1,-8.122641294E-3,9.321063780E-3
3.670000000E1,-1.415470114E-1,3.621899069E-2,2.143844669E-2
3.680000000E1,-1.394164825E-1,5.326322160E-3,1.797633729E-2
3.690000000E1,-1.548628168E-1,2.703108496E-2,1.185106681E-2
3.700000000E1,-1.761681054E-1,1.611212453E-2,9.720537942E-3
3.710000000E1,-2.107891995E-1,7.456851024E-3,9.986854050E-3
3.720000000E1,-2.424808163E-1,1.624528259E-2,1.051948627E-2
3.730000000E1,-2.334260687E-1,6.657902700E-3,8.388957402E-3
3.740000000E1,-2.541987251E-1,-4.127899674E-3,1.597896648E-3
3.750000000E1,-2.370213361E-1,4.314320950E-2,9.187905726E-3
3.760000000E1,-2.150502572E-1,2.796319134E-2,1.917475978E-2
3.770000000E1,-1.716407316E-1,4.926847998E-3,1.238369902E-2
3.780000000E1,-1.523328138E-1,1.584580843E-2,1.051948627E-2
3.790000000E1,-1.506017591E-1,-5.725796322E-2,4.926847998E-3
3.800000000E1,-1.455417530E-1,2.410160777E-2,9.054747672E-3
3.810000000E1,-1.414138533E-1,-3.049319437E-2,1.438106983E-2
3.820000000E1,-1.688444125E-1,3.368898766E-2,1.704423091E-2
3.830000000E1,-1.804291632E-1,1.171790875E-2,1.185106681E-2
3.840000000E1,-2.099902512E-1,7.456851024E-3,1.810949534E-2
3.850000000E1,-2.466087160E-1,-2.423476583E-2,4.394215782E-3
3.860000000E1,-2.512692479E-1,3.502056820E-2,1.145159264E-2
3.870000000E1,-2.763029620E-1,1.311606832E-1,1.185106681E-2
3.880000000E1,-2.359560717E-1,3.755057123E-2,9.720537942E-3
3.890000000E1,-1.933454944E-1,-9.853695996E-3,5.992112430E-3
3.900000000E1,-1.906823333E-1,3.568635847E-2,1.384843762E-2
3.910000000E1,-1.576591359E-1,5.712480517E-2,1.225054097E-2
3.920000000E1,-1.435443822E-1,3.209109101E-2,1.291633124E-2
3.930000000E1,-1.528654460E-1,4.340952560E-2,1.584580843E-2
3.940000000E1,-1.502022849E-1,2.157160475E-2,1.065264432E-2
3.950000000E1,-1.732386283E-1,4.940163803E-2,1.611212453E-2
3.960000000E1,-2.069276159E-1,3.555320042E-2,7.856325186E-3
3.970000000E1,-2.179797344E-1,7.017429446E-2,7.456851024E-3
3.980000000E1,-2.278334304E-1,2.450108194E-2,2.130528864E-3
3.990000000E1,-2.432797647E-1,-1.331580540E-4,1.597896648E-3
4.000000000E1,-2.269013240E-1,2.543318831E-2,2.130528864E-3
4.010000000E1,-2.135855186E-1,4.780374139E-2,1.757686313E-2
4.020000000E1,-2.017344518E-1,2.197107891E-2,1.012001210E-2
4.030000000E1,-1.657817772E-1,-4.527373836E-2,-3.994741620E-4
4.040000000E1,-1.572596618E-1,1.784317924E-2,1.358212151E-2
4.050000000E1,-1.504686010E-1,-3.994741620E-4,1.571265037E-2
4.060000000E1,-1.659149353E-1,4.514058031E-2,1.478054399E-2
4.070000000E1,-1.536643943E-1,7.044061057E-2,2.037318226E-2
4.080000000E1,-1.789644246E-1,3.515372626E-2,1.797633729E-2
4.090000000E1,-2.016012938E-1,3.994741620E-2,2.223739502E-2
4.100000000E1,-2.229065824E-1,2.902845577E-2,4.394215782E-3
4.110000000E1,-2.352902814E-1,2.902845577E-2,1.491370205E-2
4.120000000E1,-2.440787130E-1,1.744370507E-2,1.371527956E-2
4.130000000E1,-2.446113452E-1,4.181162896E-2,7.856325186E-3
4.140000000E1,-2.320944881E-1,-1.810949534E-2,-9.321063780E-4
4.150000000E1,-1.966744458E-1,4.407531587E-2,1.691107286E-2
4.160000000E1,-1.763012635E-1,2.410160777E-2,1.557949232E-2
4.170000000E1,-1.348891087E-1,-2.037318226E-2,2.090581448E-2
4.180000000E1,-1.520664977E-1,1.904160172E-2,5.459480214E-3
4.190000000E1,-1.551291329E-1,7.723167132E-3,1.624528259E-2
4.200000000E1,-1.262338352E-1,-4.900216387E-2,3.062635242E-2
4.210000000E1,-1.821602179E-1,3.448793599E-2,1.344896345E-2
4.220000000E1,-2.081260384E-1,1.198422486E-2,9.054747672E-3
4.230000000E1,-2.270344821E-1,-1.211738291E-2,4.926847998E-3
4.240000000E1,-2.408829197E-1,2.676476885E-2,8.388957402E-3
4.250000000E1,-2.532666187E-1,1.392833245E-1,1.078580237E-2
4.260000000E1,-2.388855489E-1,-3.502056820E-2,9.853695996E-3
4.270000000E1,-2.231728985E-1,1.571265037E-2,1.904160172E-2
4.280000000E1,-1.866875917E-1,4.500742225E-2,1.012001210E-2
4.290000000E1,-1.760349474E-1,7.177219111E-2,1.850896951E-2
4.300000000E1,-1.665807256E-1,1.651159870E-2,1.171790875E-2
4.310000000E1,-1.452754369E-1,-2.929477188E-3,1.957423394E-2
4.320000000E1,-1.524659718E-1,3.888215177E-2,1.265001513E-2
4.330000000E1,-1.692438866E-1,3.701793901E-2,1.771002118E-2
4.340000000E1,-1.820270598E-1,4.367584171E-2,9.321063780E-3
4.350000000E1,-2.039981387E-1,1.571265037E-2,8.255799348E-3
4.360000000E1,-2.330265945E-1,3.595267458E-2,1.238369902E-2
4.370000000E1,-2.458097677E-1,1.771002118E-2,2.596582053E-2
4.380000000E1,-2.410160777E-1,1.771002118E-2,6.125270484E-3
4.390000000E1,-2.291650109E-1,-2.130528864E-3,1.864212756E-3
4.400000000E1,-2.071939320E-1,-9.187905726E-3,7.456851024E-3
4.410000000E1,-2.054628773E-1,5.153216690E-2,1.238369902E-2
4.420000000E1,-1.729723121E-1,3.728425512E-2,1.251685708E-2
4.430000000E1,-1.568601876E-1,-4.340952560E-2,2.530003026E-3
4.440000000E1,-1.540638685E-1,4.886900582E-2,1.917475978E-2
4.450000000E1,-1.576591359E-1,5.832322765E-2,1.731054702E-2
4.460000000E1,-1.716407316E-1,6.657902700E-3,8.255799348E-3
4.470000000E1,-1.797633729E-1,2.250371113E-2,1.611212453E-2
4.480000000E1,-2.460760838E-1,7.217166527E-2,-4.660531890E-3
4.490000000E1,-2.095907770E-1,1.757686313E-2,1.584580843E-2
4.500000000E1,-2.269013240E-1,2.703108496E-2,1.158475070E-2
4.510000000E1,-2.094576189E-1,-5.033374441E-2,1.997370810E-2
4.520000000E1,-2.243713210E-1,3.142530074E-2,2.063949837E-2
4.530000000E1,-2.364887039E-1,4.873584776E-2,7.723167132E-3
4.540000000E1,-1.846902209E-1,3.994741620E-2,1.504686010E-2
4.550000000E1,-1.856223273E-1,1.597896648E-3,8.122641294E-3
4.560000000E1,-1.575259779E-1,3.382214572E-2,1.464738594E-2
4.570000000E1,-1.830923242E-1,-2.024002421E-2,2.370213361E-2
4.580000000E1,-1.668470417E-1,2.450108194E-2,1.984055005E-2
4.590000000E1,-1.683117803E-1,6.591323673E-2,9.853695996E-3
4.600000000E1,-2.065281418E-1,1.597896648E-2,1.145159264E-2
4.610000000E1,-2.145176250E-1,2.543318831E-2,1.198422486E-2
4.620000000E1,-2.455434516E-1,1.877528561E-2,1.664475675E-2
4.630000000E1,-2.450108194E-1,1.154480328E-1,1.877528561E-2
4.640000000E1,-2.324939623E-1,3.289003934E-2,5.725796322E-3
4.650000000E1,-2.135855186E-1,3.795004539E-2,9.720537942E-3
4.660000000E1,-2.201102633E-1,2.543318831E-2,-9.986854050E-3
4.670000000E1,-2.094576189E-1,-8.388957402E-3,5.060006052E-3
4.680000000E1,-1.645833547E-1,-3.302319739E-2,1.651159870E-2
4.690000000E1,-1.687112544E-1,1.478054399E-2,1.278317318E-2
4.700000000E1,-1.600559809E-1,2.716424302E-2,1.384843762E-2
4.710000000E1,-1.595233487E-1,-2.729740107E-2,1.837581145E-2
4.720000000E1,-1.683117803E-1,7.989483240E-4,1.571265037E-2
4.730000000E1,-1.988049746E-1,6.977482030E-2,1.704423091E-2
4.740000000E1,-2.259692176E-1,4.181162896E-2,5.326322160E-3
4.750000000E1,-2.363555459E-1,2.503371415E-2,1.864212756E-2
4.760000000E1,-2.338255428E-1,4.940163803E-2,6.524744646E-3
4.770000000E1,-2.336923848E-1,1.504686010E-2,9.054747672E-3
4.780000000E1,-2.205097374E-1,2.263686918E-3,1.597896648E-2
4.790000000E1,-2.149170992E-1,-1.464738594E-2,1.065264432E-3
4.800000000E1,-1.681786222E-1,3.994741620E-4,8.655273510E-3
4.810000000E1,-1.846902209E-1,2.596582053E-2,1.557949232E-2
4.820000000E1,-1.631186162E-1,2.862898161E-2,1.171790875E-2
4.830000000E1,-1.836249565E-1,9.374327002E-2,2.663161080E-3
4.840000000E1,-1.707086252E-1,-1.198422486E-3,1.358212151E-2
4.850000000E1,-1.894839108E-1,-3.621899069E-2,3.462109404E-3
4.860000000E1,-1.778991601E-1,8.122641294E-3,7.590009078E-3
4.870000000E1,-2.145176250E-1,2.836266550E-2,1.611212453E-2
4.880000000E1,-2.519350382E-1,6.351639176E-2,4.394215782E-3
4.890000000E1,-2.226402663E-1,-6.657902700E-3,2.436792388E-2
4.900000000E1,-2.343581750E-1,3.808320344E-2,1.331580540E-2
4.910000000E1,-2.165149958E-1,5.659217295E-2,1.038632821E-2
4.920000000E1,-2.201102633E-1,3.502056820E-2,1.438106983E-2
4.930000000E1,-2.041312968E-1,1.531317621E-2,1.571265037E-2
4.940000000E1,-1.808286373E-1,8.029430656E-2,8.388957402E-3
4.950000000E1,-1.684449383E-1,-1.278317318E-2,1.438106983E-2
4.960000000E1,-1.595233487E-1,-1.731054702E-3,2.090581448E-2
4.970000000E1,-1.632517742E-1,2.663161080E-4,1.225054097E-2
4.980000000E1,-1.785649504E-1,2.197107891E-2,1.571265037E-2
4.990000000E1,-1.989381327E-1,3.502056820E-2,7.723167132E-3
5.000000000E1,-2.058623515E-1,1.203748808E-1,6.391586592E-3
5.010000000E1,-2.259692176E-1,4.540689641E-2,1.864212756E-2
5.020000000E1,-2.249039532E-1,6.751113338E-2,1.012001210E-2
5.030000000E1,-2.308960656E-1,7.177219111E-2,1.637844064E-2
5.040000000E1,-2.210423696E-1,2.796319134E-2,1.158475070E-2
5.050000000E1,-2.118544639E-1,8.748484148E-2,9.454221834E-3
5.060000000E1,-2.291650109E-1,5.992112430E-2,1.491370205E-2
5.070000000E1,-1.838912726E-1,3.728425512E-3,8.255799348E-3
5.080000000E1,-1.716407316E-1,5.046690247E-2,1.464738594E-2
5.090000000E1,-1.812281115E-1,7.629956494E-2,1.265001513E-2
5.100000000E1,-1.889512786E-1,4.034689036E-2,9.853695996E-3
5.110000000E1,-1.789644246E-1,4.833637360E-2,1.198422486E-2
5.120000000E1,-1.937449686E-1,3.355582961E-2,1.704423091E-2
5.130000000E1,-2.155828894E-1,2.769687523E-2,1.211738291E-2
5.140000000E1,-2.189118408E-1,3.209109101E-2,1.012001210E-2
5.150000000E1,-2.214418438E-1,-3.928162593E-2,-4.926847998E-3
5.160000000E1,-2.291650109E-1,2.396844972E-2,1.065264432E-2
5.170000000E1,-2.332929106E-1,9.454221834E-3,1.291633124E-2
5.180000000E1,-2.029328743E-1,-1.824265340E-2,1.451422789E-2
5.190000000E1,-1.933454944E-1,2.263686918E-3,3.169161685E-2
5.200000000E1,-1.732386283E-1,-7.456851024E-3,1.464738594E-2
5.210000000E1,-1.268996255E-1,-4.301005144E-2,2.117213059E-2
5.220000000E1,-1.671133578E-1,1.624528259E-2,8.388957402E-3
5.230000000E1,-1.759017893E-1,2.103897253E-2,9.054747672E-3
5.240000000E1,-1.727059960E-1,-3.195793296E-2,4.926847998E-3
5.250000000E1,-1.889512786E-1,-1.731054702E-3,5.459480214E-3
5.260000000E1,-1.813612695E-1,-4.394215782E-2,2.183792086E-2
5.270000000E1,-2.444781871E-1,7.403587802E-2,5.858954376E-3
5.280000000E1,-2.266350079E-1,3.249056518E-2,1.637844064E-2
5.290000000E1,-2.320944881E-1,4.380899977E-2,9.853695996E-3
5.300000000E1,-2.226402663E-1,-7.097324278E-2,3.595267458E-3
5.310000000E1,-2.111886736E-1,2.183792086E-2,1.677791480E-2
5.320000000E1,-2.033323485E-1,2.929477188E-3,9.853695996E-3
5.330000000E1,-1.817607437E-1,-6.125270484E-3,1.091896043E-2
5.340000000E1,-1.804291632E-1,2.649845275E-2,9.986854050E-3
5.350000000E1,-1.741707346E-1,3.075951047E-2,1.012001210E-2
5.360000000E1,-1.636512484E-1,-2.117213059E-2,1.331580540E-2
5.370000000E1,-1.884186464E-1,6.764429143E-2,1.198422486E-2
5.380000000E1,-1.836249565E-1,4.261057728E-2,1.904160172E-2
5.390000000E1,-2.053297193E-1,-5.898901792E-2,1.717738897E-2
5.400000000E1,-2.242381629E-1,1.291633124E-2,1.557949232E-2
5.410000000E1,-2.138518347E-1,3.408846182E-2,-4.926847998E-3
5.420000000E1,-2.419481841E-1,-2.569950442E-2,4.527373836E-3
5.430000000E1,-2.187786827E-1,2.277002723E-2,7.856325186E-3
5.440000000E1,-2.093244609E-1,3.075951047E-2,5.592638268E-3
5.450000000E1,-1.864212756E-1,-3.581951653E-2,1.597896648E-2
5.460000000E1,-1.965412877E-1,4.394215782E-3,-6.657902700E-4
5.470000000E1,-1.643170386E-1,1.344896345E-2,1.597896648E-2
5.480000000E1,-1.804291632E-1,5.992112430E-3,1.371527956E-2
5.490000000E1,-1.769670538E-1,6.524744646E-3,1.118527654E-2
5.500000000E1,-1.745702088E-1,3.488741015E-2,1.198422486E-2
5.510000000E1,-1.498028108E-1,-4.753742528E-2,1.904160172E-2
5.520000000E1,-1.982723424E-1,1.731054702E-2,1.731054702E-2
5.530000000E1,-2.218413180E-1,2.024002421E-2,1.544633426E-2
5.540000000E1,-2.422145002E-1,7.523430051E-2,7.057376862E-3
5.550000000E1,-2.444781871E-1,3.928162593E-2,7.856325186E-3
5.560000000E1,-2.226402663E-1,4.447479004E-2,1.411475372E-2
5.570000000E1,-2.043976129E-1,3.395530377E-2,1.331580540E-2
5.580000000E1,-2.050634032E-1,2.822950745E-2,1.225054097E-2
5.590000000E1,-1.874865400E-1,2.396844972E-3,1.318264735E-2
5.600000000E1,-1.612544034E-1,-3.701793901E-2,3.368898766E-2
5.610000000E1,-1.728391541E-1,5.060006052E-3,1.464738594E-2
5.620000000E1,-1.699096769E-1,4.127899674E-3,1.331580540E-2
5.630000000E1,-1.731054702E-1,3.195793296E-3,9.587379888E-3
5.640000000E1,-1.916144397E-1,-2.277002723E-2,1.398159567E-2
5.650000000E1,-2.082591965E-1,3.621899069E-2,4.127899674E-3
5.660000000E1,-2.139849928E-1,6.897587197E-2,9.454221834E-3
5.670000000E1,-2.177134183E-1,3.488741015E-2,9.187905726E-3
5.680000000E1,-2.177134183E-1,2.956108799E-2,1.371527956E-2
5.690000000E1,-2.162486797E-1,-8.921589618E-3,2.250371113E-2
5.700000000E1,-2.214418438E-1,6.990797835E-2,1.411475372E-2
5.710000000E1,-2.097239350E-1,-3.994741620E-3,6.924218808E-3
5.720000000E1,-1.977397102E-1,3.808320344E-2,9.187905726E-3
5.730000000E1,-1.751028410E-1,9.254484753E-2,2.809634939E-2
5.740000000E1,-1.784317924E-1,7.190534916E-3,1.491370205E-2
5.750000000E1,-1.818939018E-1,3.289003934E-2,1.278317318E-2
5.760000000E1,-1.801628471E-1,-4.700479306E-2,1.837581145E-2
5.770000000E1,-1.924133880E-1,-3.728425512E-3,1.251685708E-2
5.780000000E1,-2.062618256E-1,1.105211848E-2,6.924218808E-3
5.790000000E1,-2.137186767E-1,-1.504686010E-2,1.571265037E-2
5.800000000E1,-2.255697435E-1,4.860268971E-2,1.331580540E-2
5.810000000E1,-2.222407921E-1,2.490055610E-2,-1.331580540E-4
5.820000000E1,-2.339587009E-1,8.775115759E-2,-1.824265340E-2
5.830000000E1,-2.051965612E-1,3.262372323E-2,4.793689944E-3
5.840000000E1,-2.026665582E-1,1.451422789E-2,7.723167132E-3
5.850000000E1,-2.146507830E-1,5.392901187E-2,5.459480214E-3
5.860000000E1,-2.051965612E-1,5.659217295E-2,1.518001816E-2
5.870000000E1,-1.808286373E-1,1.451422789E-2,1.491370205E-2
5.880000000E1,-1.743038927E-1,3.235740712E-2,1.557949232E-2
5.890000000E1,-1.874865400E-1,8.375641597E-2,2.024002421E-2
5.900000000E1,-1.929460202E-1,4.767058333E-2,1.225054097E-2
5.910000000E1,-1.905491753E-1,-1.225054097E-2,1.318264735E-2
5.920000000E1,-2.069276159E-1,5.619269879E-2,2.130528864E-2
5.930000000E1,-2.187786827E-1,4.620584474E-2,7.989483240E-3
5.940000000E1,-2.203765794E-1,5.193164106E-2,4.926847998E-3
5.950000000E1,-2.286323787E-1,-4.327636755E-2,-1.185106681E-2
5.960000000E1,-2.205097374E-1,1.265001513E-2,7.856325186E-3
5.970000000E1,-2.071939320E-1,3.075951047E-2,4.660531890E-3
5.980000000E1,-1.953428652E-1,4.340952560E-2,1.131843459E-2
5.990000000E1,-1.937449686E-1,5.459480214E-3,1.411475372E-2
6.000000000E1,-1.877528561E-1,1.025317016E-2,1.424791178E-2
6.010000000E1,-1.854891692E-1,-4.154531285E-2,1.012001210E-2
6.020000000E1,-1.993376068E-1,4.340952560E-2,1.797633729E-2
6.030000000E1,-1.841575887E-1,3.142530074E-2,1.584580843E-2
6.040000000E1,-2.159823636E-1,3.209109101E-2,4.261057728E-3
6.050000000E1,-2.042644548E-1,-2.530003026E-2,6.924218808E-3
6.060000000E1,-2.046639290E-1,3.861583566E-2,1.291633124E-2
6.070000000E1,-2.219744760E-1,1.637844064E-2,6.924218808E-3
6.080000000E1,-2.190449988E-1,6.657902700E-2,6.657902700E-3
6.090000000E1,-2.173139441E-1,5.099953468E-2,1.025317016E-2
6.100000000E1,-2.109223575E-1,1.158475070E-2,1.038632821E-2
6.110000000E1,-2.058623515E-1,-3.328951350E-3,1.025317016E-2
6.120000000E1,-2.020007679E-1,4.194478701E-2,1.265001513E-2
6.130000000E1,-1.944107588E-1,1.744370507E-2,9.454221834E-3
6.140000000E1,-1.829591662E-1,1.118527654E-2,1.145159264E-2
6.150000000E1,-1.884186464E-1,1.198422486E-3,4.527373836E-3
6.160000000E1,-1.865544337E-1,2.263686918E-2,1.651159870E-2
6.170000000E1,-2.010686615E-1,3.129214269E-2,2.316950140E-2
6.180000000E1,-2.008023454E-1,2.410160777E-2,2.077265642E-2
6.190000000E1,-2.117213059E-1,3.834951955E-2,6.125270484E-3
6.200000000E1,-2.099902512E-1,1.162469811E-1,1.451422789E-2
6.210000000E1,-2.439455549E-1,5.965480819E-2,5.725796322E-3
6.220000000E1,-2.199771052E-1,3.861583566E-2,9.454221834E-3
6.230000000E1,-2.099902512E-1,3.408846182E-2,9.454221834E-3
6.240000000E1,-2.020007679E-1,6.378270787E-2,2.636529469E-2
6.250000000E1,-1.884186464E-1,5.632585684E-2,1.318264735E-2
6.260000000E1,-1.817607437E-1,1.984055005E-2,1.398159567E-2
6.270000000E1,-1.777660021E-1,9.454221834E-3,9.454221834E-3
6.280000000E1,-1.909486494E-1,2.463423999E-2,9.187905726E-3
6.290000000E1,-1.986718166E-1,3.954794204E-2,1.744370507E-2
6.300000000E1,-1.934786525E-1,6.111954679E-2,1.025317016E-2
6.310000000E1,-1.914812817E-1,7.590009078E-3,1.198422486E-2
6.320000000E1,-2.182460505E-1,6.258428538E-3,2.596582053E-2
6.330000000E1,-2.392850230E-1,5.339637965E-2,-7.989483240E-4
6.340000000E1,-2.211755277E-1,4.327636755E-2,2.090581448E-2
6.350000000E1,-2.059955095E-1,-2.396844972E-2,2.356897556E-2
6.360000000E1,-2.061286676E-1,1.744370507E-2,1.185106681E-2
6.370000000E1,-1.974733941E-1,4.633900279E-2,1.944107588E-2
6.380000000E1,-1.922802300E-1,-1.890844367E-2,3.328951350E-3
6.390000000E1,-1.822933759E-1,3.861583566E-2,1.464738594E-2
6.400000000E1,-2.097239350E-1,1.411475372E-1,-8.788431564E-3
6.410000000E1,-1.962749716E-1,8.655273510E-3,1.038632821E-2
6.420000000E1,-2.001365552E-1,3.049319437E-2,9.454221834E-3
6.430000000E1,-1.941444427E-1,1.384843762E-2,1.265001513E-2
6.440000000E1,-2.174471022E-1,1.077248657E-1,4.527373836E-3
6.450000000E1,-2.065281418E-1,2.130528864E-3,1.185106681E-2
6.460000000E1,-2.186455247E-1,2.103897253E-2,8.255799348E-3
6.470000000E1,-2.507366157E-1,7.403587802E-2,6.657902700E-3
6.480000000E1,-2.169144700E-1,1.331580540E-3,2.663161080E-3
6.490000000E1,-2.059955095E-1,2.143844669E-2,1.265001513E-2
6.500000000E1,-2.143844669E-1,8.655273510E-3,1.304948929E-2
6.510000000E1,-2.115881478E-1,-5.326322160E-3,1.118527654E-2
6.520000000E1,-2.138518347E-1,1.531317621E-2,1.251685708E-2
6.530000000E1,-1.924133880E-1,2.063949837E-2,1.384843762E-2
6.540000000E1,-1.596565067E-1,-4.127899674E-2,1.265001513E-2
6.550000000E1,-1.897502270E-1,1.824265340E-2,1.318264735E-2
6.560000000E1,-1.953428652E-1,1.464738594E-2,8.655273510E-3
6.570000000E1,-2.114549898E-1,2.090581448E-2,1.438106983E-2
6.580000000E1,-2.330265945E-1,1.013332791E-1,1.358212151E-2
6.590000000E1,-2.230397404E-1,3.115898464E-2,9.720537942E-3
6.600000000E1,-2.071939320E-1,1.744370507E-2,2.277002723E-2
6.610000000E1,-2.081260384E-1,8.894958007E-2,-4.127899674E-3
6.620000000E1,-2.189118408E-1,3.222424907E-2,9.720537942E-3
6.630000000E1,-2.460760838E-1,9.707222137E-2,8.921589618E-3
6.640000000E1,-2.131860445E-1,3.368898766E-2,1.118527654E-2
6.650000000E1,-1.904160172E-1,1.744370507E-2,5.992112430E-3
6.660000000E1,-1.902828592E-1,3.102582658E-2,1.251685708E-2
6.670000000E1,-2.134523606E-1,-3.581951653E-2,-5.326322160E-3
6.680000000E1,-2.111886736E-1,5.086637663E-2,1.198422486E-2
6.690000000E1,-1.997370810E-1,3.941478398E-2,1.304948929E-2
6.700000000E1,-1.571265037E-1,-1.957423394E-2,3.142530074E-2
6.710000000E1,-2.213086857E-1,9.853695996E-2,1.291633124E-2
6.720000000E1,-2.073270901E-1,8.016114851E-2,1.997370810E-3
6.730000000E1,-2.063949837E-1,2.822950745E-2,6.791060754E-3
6.740000000E1,-2.043976129E-1,3.222424907E-2,1.544633426E-2
6.750000000E1,-2.066612998E-1,-5.499427630E-2,1.185106681E-2
6.760000000E1,-2.170476280E-1,3.635214874E-2,1.198422486E-2
6.770000000E1,-1.637844064E-1,-4.780374139E-2,3.182477491E-2
6.780000000E1,-2.002697132E-1,3.981425815E-2,1.278317318E-2
6.790000000E1,-1.949433911E-1,2.729740107E-2,8.788431564E-3
6.800000000E1,-1.970739199E-1,2.157160475E-2,4.127899674E-3
6.810000000E1,-1.853560112E-1,3.488741015E-2,2.330265945E-2
6.820000000E1,-1.972070780E-1,-3.728425512E-3,1.118527654E-2
6.830000000E1,-1.993376068E-1,2.117213059E-2,1.664475675E-2
6.840000000E1,-1.834917984E-1,-2.223739502E-2,2.796319134E-2
6.850000000E1,-2.166481539E-1,1.105211848E-2,9.054747672E-3
6.860000000E1,-2.082591965E-1,2.396844972E-2,1.438106983E-2
6.870000000E1,-2.154497314E-1,4.514058031E-2,8.255799348E-3
6.880000000E1,-2.182460505E-1,4.087952258E-2,2.663161080E-3
6.890000000E1,-2.055960354E-1,-2.982740410E-2,9.454221834E-3
6.900000000E1,-2.126534122E-1,2.250371113E-2,1.424791178E-2
6.910000000E1,-1.747033668E-1,-8.255799348E-3,1.158475070E-2
6.920000000E1,-2.113218317E-1,5.872270181E-2,1.584580843E-2
6.930000000E1,-2.057291934E-1,3.941478398E-2,9.454221834E-3
6.940000000E1,-2.053297193E-1,7.536745856E-2,-7.723167132E-3
6.950000000E1,-1.965412877E-1,2.663161080E-3,3.994741620E-3
6.960000000E1,-1.989381327E-1,2.543318831E-2,2.410160777E-2
6.970000000E1,-2.123870961E-1,4.314320950E-2,6.391586592E-3
6.980000000E1,-2.575276764E-1,1.085238140E-1,-4.261057728E-3
6.990000000E1,-2.101234092E-1,-1.651159870E-2,1.491370205E-2
7.000000000E1,-2.147839411E-1,3.475425209E-2,1.158475070E-2
7.010000000E1,-2.182460505E-1,2.929477188E-3,7.590009078E-3
7.020000000E1,-2.118544639E-1,5.099953468E-2,2.396844972E-3
7.030000000E1,-2.008023454E-1,7.323692970E-2,1.571265037E-2
7.040000000E1,-2.006691874E-1,2.530003026E-2,1.757686313E-2
7.050000000E1,-1.820270598E-1,3.435477793E-2,2.423476583E-2
7.060000000E1,-1.942776008E-1,-1.944107588E-2,1.637844064E-2
7.070000000E1,-2.010686615E-1,4.207794506E-2,1.291633124E-2
7.080000000E1,-2.280997465E-1,6.617955284E-2,5.992112430E-3
7.090000000E1,-2.057291934E-1,4.061320647E-2,1.451422789E-2
7.100000000E1,-2.014681357E-1,3.222424907E-2,9.720537942E-3
7.110000000E1,-2.033323485E-1,2.556634637E-2,7.590009078E-3
7.120000000E1,-2.169144700E-1,-4.048004842E-2,1.997370810E-3
7.130000000E1,-2.063949837E-1,1.054611788E-1,1.278317318E-2
7.140000000E1,-2.045307709E-1,1.691107286E-2,1.278317318E-2
7.150000000E1,-1.965412877E-1,2.450108194E-2,1.611212453E-2
7.160000000E1,-2.265018499E-1,1.624528259E-2,9.454221834E-3
7.170000000E1,-2.162486797E-1,4.580637058E-2,6.524744646E-3
7.180000000E1,-2.091913028E-1,2.996056215E-2,6.258428538E-3
7.190000000E1,-1.957423394E-1,1.850896951E-2,1.238369902E-2
7.200000000E1,-2.097239350E-1,7.949535824E-2,7.190534916E-3
7.210000000E1,-1.993376068E-1,3.235740712E-2,1.091896043E-2
7.220000000E1,-1.849565370E-1,5.632585684E-2,1.717738897E-2
7.230000000E1,-1.878860142E-1,-1.704423091E-2,1.278317318E-2
7.240000000E1,-2.033323485E-1,2.476739804E-2,6.125270484E-3
7.250000000E1,-2.038649807E-1,-1.824265340E-2,1.584580843E-2
7.260000000E1,-1.953428652E-1,1.904160172E-2,2.010686615E-2
7.270000000E1,-2.138518347E-1,-1.304948929E-2,4.793689944E-3
7.280000000E1,-2.101234092E-1,4.261057728E-2,8.921589618E-3
7.290000000E1,-2.083923545E-1,4.740426722E-2,6.924218808E-3
7.300000000E1,-1.964081296E-1,-8.202536126E-2,1.025317016E-2
7.310000000E1,-2.138518347E-1,4.141215479E-2,1.278317318E-2
7.320000000E1,-2.079928803E-1,2.037318226E-2,1.797633729E-2
7.330000000E1,-2.063949837E-1,4.846953166E-2,1.904160172E-2
7.340000000E1,-1.985386585E-1,2.503371415E-2,-5.060006052E-3
7.350000000E1,-2.055960354E-1,4.820321555E-2,6.924218808E-3
7.360000000E1,-1.929460202E-1,2.516687221E-2,1.278317318E-2
7.370000000E1,-1.564607134E-1,-5.672533100E-2,3.142530074E-2
7.380000000E1,-2.197107891E-1,6.910903003E-2,1.371527956E-2
7.390000000E1,-2.099902512E-1,2.729740107E-2,7.456851024E-3
7.400000000E1,-2.058623515E-1,3.195793296E-3,1.384843762E-2
7.410000000E1,-2.079928803E-1,4.234426117E-2,2.796319134E-3
7.420000000E1,-1.906823333E-1,-5.392901187E-2,1.850896951E-2
7.430000000E1,-2.121207800E-1,3.462109404E-2,9.720537942E-3
7.440000000E1,-2.018676099E-1,-9.454221834E-3,1.078580237E-2
7.450000000E1,-2.038649807E-1,6.817692365E-2,1.491370205E-2
7.460000000E1,-2.067944579E-1,1.864212756E-2,1.664475675E-2
7.470000000E1,-2.033323485E-1,-3.542004236E-2,8.655273510E-3
7.480000000E1,-1.924133880E-1,2.263686918E-2,1.704423091E-2
7.490000000E1,-2.022670840E-1,2.796319134E-2,5.992112430E-3
7.500000000E1,-2.065281418E-1,4.673847695E-2,1.278317318E-2
7.510000000E1,-1.997370810E-1,3.315635545E-2,5.193164106E-3
7.520000000E1,-2.117213059E-1,-6.391586592E-2,1.331580540E-3
7.530000000E1,-2.099902512E-1,4.846953166E-2,1.185106681E-2
7.540000000E1,-2.127865703E-1,2.623213664E-2,1.238369902E-2
7.550000000E1,-2.095907770E-1,-4.980111220E-2,1.065264432E-3
7.560000000E1,-2.063949837E-1,3.834951955E-2,1.917475978E-2
7.570000000E1,-2.171807861E-1,3.275688128E-2,4.793689944E-3
7.580000000E1,-2.071939320E-1,2.569950442E-2,1.837581145E-2
7.590000000E1,-2.153165733E-1,7.736482937E-2,1.970739199E-2
7.600000000E1,-1.970739199E-1,-2.277002723E-2,8.388957402E-3
7.610000000E1,-2.089249867E-1,2.050634032E-2,1.211738291E-2
7.620000000E1,-2.165149958E-1,5.845638571E-2,1.038632821E-2
7.630000000E1,-2.009355035E-1,-1.944107588E-2,1.265001513E-2
7.640000000E1,-2.081260384E-1,0.000000000E0,1.611212453E-2
7.650000000E1,-2.101234092E-1,1.637844064E-2,1.398159567E-2
7.660000000E1,-2.046639290E-1,2.743055912E-2,9.454221834E-3
7.670000000E1,-2.113218317E-1,5.299690549E-2,2.836266550E-2
7.680000000E1,-2.137186767E-1,1.025317016E-2,8.921589618E-3
7.690000000E1,-2.087918287E-1,2.450108194E-2,1.331580540E-2
7.700000000E1,-2.073270901E-1,4.394215782E-3,1.478054399E-2
7.710000000E1,-2.118544639E-1,2.689792691E-2,1.051948627E-2
7.720000000E1,-2.090581448E-1,-1.571265037E-2,1.012001210E-2
7.730000000E1,-2.065281418E-1,2.010686615E-2,7.323692970E-3
7.740000000E1,-2.299639593E-1,8.908273813E-2,1.664475675E-2
7.750000000E1,-2.135855186E-1,-8.255799348E-3,9.187905726E-3
7.760000000E1,-1.948102330E-1,3.129214269E-2,4.926847998E-3
7.770000000E1,-2.017344518E-1,6.724481727E-2,1.850896951E-2
7.780000000E1,-2.110555156E-1,1.810949534E-2,1.611212453E-2
7.790000000E1,-2.038649807E-1,2.170476280E-2,9.187905726E-3
7.800000000E1,-2.021339260E-1,4.993427025E-2,1.491370205E-2
7.810000000E1,-1.969407619E-1,3.874899371E-2,1.038632821E-2
7.820000000E1,-2.117213059E-1,-6.271744343E-2,1.238369902E-2
7.830000000E1,-2.098570931E-1,5.659217295E-2,5.992112430E-3
7.840000000E1,-2.021339260E-1,2.423476583E-2,5.725796322E-3
7.850000000E1,-2.126534122E-1,4.727110917E-2,2.117213059E-2
7.860000000E1,-1.941444427E-1,2.303634334E-2,-1.731054702E-3
7.870000000E1,-2.057291934E-1,2.436792388E-2,1.904160172E-2
7.880000000E1,-1.952097072E-1,8.788431564E-3,1.291633124E-2
7.890000000E1,-2.017344518E-1,-5.978796625E-2,1.265001513E-2
7.900000000E1,-2.010686615E-1,6.857639781E-2,4.660531890E-3
7.910000000E1,-2.009355035E-1,2.343581750E-2,1.624528259E-2
7.920000000E1,-2.005360293E-1,-2.822950745E-2,1.105211848E-2
7.930000000E1,-1.888181206E-1,-5.459480214E-2,2.263686918E-2
7.940000000E1,-2.050634032E-1,6.418218203E-2,1.531317621E-2
7.950000000E1,-2.078597223E-1,2.063949837E-2,7.590009078E-3
7.960000000E1,-2.186455247E-1,4.793689944E-2,7.856325186E-3
7.970000000E1,-2.042644548E-1,3.102582658E-2,5.858954376E-3
7.980000000E1,-2.010686615E-1,2.636529469E-2,8.522115456E-3
7.990000000E1,-2.078597223E-1,3.009372020E-2,8.255799348E-3
8.000000000E1,-1.693770447E-1,-1.810949534E-2,1.970739199E-2
8.010000000E1,-2.013349776E-1,8.255799348E-3,1.225054097E-2
8.020000000E1,-2.143844669E-1,3.169161685E-2,1.371527956E-2
8.030000000E1,-2.081260384E-1,3.075951047E-2,6.524744646E-3
8.040000000E1,-2.102565673E-1,1.704423091E-2,7.057376862E-3
8.050000000E1,-2.286323787E-1,8.388957402E-2,9.720537942E-3
8.060000000E1,-2.223739502E-1,2.436792388E-2,1.344896345E-2
8.070000000E1,-2.141181508E-1,3.608583263E-2,1.544633426E-2
8.080000000E1,-2.046639290E-1,-4.274373533E-2,4.527373836E-3
8.090000000E1,-2.053297193E-1,5.046690247E-2,-2.263686918E-3
8.100000000E1,-2.061286676E-1,7.270429748E-2,6.391586592E-3
8.110000000E1,-2.077265642E-1,3.182477491E-2,1.518001816E-2
8.120000000E1,-1.936118105E-1,2.556634637E-2,1.318264735E-2
8.130000000E1,-1.950765491E-1,-1.571265037E-2,1.438106983E-2
8.140000000E1,-1.997370810E-1,3.102582658E-2,7.590009078E-3
8.150000000E1,-1.934786525E-1,5.992112430E-2,9.454221834E-3
8.160000000E1,-1.932123364E-1,-2.050634032E-2,1.265001513E-2
8.170000000E1,-2.165149958E-1,-2.396844972E-3,1.238369902E-2
8.180000000E1,-2.107891995E-1,6.764429143E-2,8.788431564E-3
8.190000000E1,-2.106560414E-1,3.448793599E-2,1.611212453E-2
8.200000000E1,-1.588575584E-1,-4.247741923E-2,1.877528561E-2
8.210000000E1,-2.336923848E-1,8.082693878E-2,1.265001513E-2
8.220000000E1,-2.122539381E-1,2.729740107E-2,1.837581145E-2
8.230000000E1,-2.105228834E-1,6.005428235E-2,2.250371113E-2
8.240000000E1,-2.110555156E-1,1.970739199E-2,1.757686313E-2
8.250000000E1,-2.150502572E-1,1.291633124E-2,1.504686010E-2
8.260000000E1,-2.000033971E-1,-1.105211848E-2,8.122641294E-3
8.270000000E1,-2.020007679E-1,1.065264432E-2,6.524744646E-3
8.280000000E1,-1.937449686E-1,1.081243398E-1,2.316950140E-2
8.290000000E1,-1.932123364E-1,-4.261057728E-3,7.856325186E-3
8.300000000E1,-2.049302451E-1,3.382214572E-2,1.797633729E-2
8.310000000E1,-1.981391844E-1,-8.388957402E-3,2.663161080E-4
8.320000000E1,-2.070607740E-1,1.651159870E-2,9.720537942E-3
8.330000000E1,-2.131860445E-1,5.113269274E-2,9.187905726E-3
8.340000000E1,-2.139849928E-1,2.396844972E-3,1.438106983E-2
8.350000000E1,-2.111886736E-1,3.715109707E-2,1.238369902E-2
8.360000000E1,-2.183792086E-1,-6.325007565E-2,3.994741620E-4
8.370000000E1,-2.050634032E-1,3.888215177E-2,-5.326322160E-4
8.380000000E1,-2.009355035E-1,3.328951350E-2,1.065264432E-3
8.390000000E1,-1.974733941E-1,-2.636529469E-2,1.677791480E-2
8.400000000E1,-2.065281418E-1,1.451422789E-2,7.323692970E-3
8.410000000E1,-1.973402360E-1,2.609897858E-2,1.478054399E-2
8.420000000E1,-2.186455247E-1,1.904160172E-2,1.025317016E-2
8.430000000E1,-2.113218317E-1,1.890844367E-2,4.394215782E-3
8.440000000E1,-1.902828592E-1,-1.438106983E-2,7.723167132E-3
8.450000000E1,-2.147839411E-1,2.716424302E-2,2.596582053E-2
8.460000000E1,-1.977397102E-1,2.543318831E-2,4.527373836E-3
8.470000000E1,-2.162486797E-1,3.701793901E-2,1.464738594E-3
8.480000000E1,-2.038649807E-1,5.206479911E-2,1.158475070E-2
8.490000000E1,-1.956091813E-1,-9.187905726E-3,2.237055307E-2
8.500000000E1,-2.166481539E-1,2.396844972E-2,1.930791783E-2
8.510000000E1,-2.205097374E-1,2.077265642E-2,1.051948627E-2
8.520000000E1,-1.972070780E-1,-1.331580540E-2,1.065264432E-2
8.530000000E1,-2.207760535E-1,4.514058031E-2,1.624528259E-2
8.540000000E1,-2.074602481E-1,2.410160777E-2,1.225054097E-2
8.550000000E1,-1.994707649E-1,5.832322765E-2,9.587379888E-3
8.560000000E1,-1.982723424E-1,5.299690549E-2,1.411475372E-2
8.570000000E1,-2.022670840E-1,-2.476739804E-2,8.921589618E-3
8.580000000E1,-2.195776310E-1,3.102582658E-2,1.012001210E-2
8.590000000E1,-2.135855186E-1,1.012001210E-2,1.185106681E-2
8.600000000E1,-2.257029015E-1,3.888215177E-2,8.788431564E-3
8.610000000E1,-2.215750019E-1,3.155845880E-2,1.704423091E-2
8.620000000E1,-2.063949837E-1,2.822950745E-2,2.077265642E-2
8.630000000E1,-1.984055005E-1,2.263686918E-2,1.344896345E-2
8.640000000E1,-2.078597223E-1,1.318264735E-2,1.797633729E-2
8.650000000E1,-2.114549898E-1,-2.330265945E-2,1.571265037E-2
8.660000000E1,-2.042644548E-1,3.834951955E-2,1.158475070E-2
8.670000000E1,-2.118544639E-1,2.862898161E-2,1.717738897E-2
8.680000000E1,-2.306297495E-1,7.456851024E-2,1.211738291E-2
8.690000000E1,-2.113218317E-1,4.567321252E-2,1.704423091E-2
8.700000000E1,-2.102565673E-1,2.450108194E-2,6.125270484E-3
8.710000000E1,-2.018676099E-1,2.370213361E-2,-3.462109404E-3
8.720000000E1,-2.075934062E-1,-4.207794506E-2,4.527373836E-3
8.730000000E1,-1.996039229E-1,-4.633900279E-2,1.624528259E-2
8.740000000E1,-2.090581448E-1,2.583266248E-2,2.729740107E-2
8.750000000E1,-2.057291934E-1,2.343581750E-2,7.323692970E-3
8.760000000E1,-1.953428652E-1,-5.392901187E-2,1.278317318E-2
8.770000000E1,-2.322276462E-1,-3.728425512E-3,-5.060006052E-3
8.780000000E1,-2.091913028E-1,4.207794506E-2,1.265001513E-2
8.790000000E1,-2.085255126E-1,2.703108496E-2,6.258428538E-3
8.800000000E1,-2.021339260E-1,1.850896951E-2,1.544633426E-2
8.810000000E1,-2.516687221E-1,1.043959143E-1,1.185106681E-2
8.820000000E1,-2.237055307E-1,7.989483240E-4,9.321063780E-3
8.830000000E1,-2.149170992E-1,2.636529469E-2,2.396844972E-3
8.840000000E1,-2.102565673E-1,7.456851024E-3,1.331580540E-3
8.850000000E1,-2.075934062E-1,3.009372020E-2,1.078580237E-2
8.860000000E1,-2.099902512E-1,1.930791783E-2,1.904160172E-2
8.870000000E1,-2.183792086E-1,3.328951350E-3,1.025317016E-2
8.880000000E1,-2.082591965E-1,2.290318529E-2,1.691107286E-2
8.890000000E1,-2.119876220E-1,1.243696224E-1,2.143844669E-2
8.900000000E1,-1.914812817E-1,-1.864212756E-2,1.238369902E-2
8.910000000E1,-2.147839411E-1,3.195793296E-2,1.358212151E-2
8.920000000E1,-2.207760535E-1,5.326322160E-2,1.518001816E-2
8.930000000E1,-2.129197283E-1,2.916161383E-2,1.251685708E-2
8.940000000E1,-2.067944579E-1,-1.997370810E-3,1.171790875E-2
8.950000000E1,-2.053297193E-1,5.326322160E-3,1.384843762E-2
8.960000000E1,-2.024002421E-1,2.024002421E-2,1.198422486E-2
8.970000000E1,-2.029328743E-1,4.527373836E-3,1.424791178E-2
8.980000000E1,-2.070607740E-1,5.858954376E-3,1.291633124E-2
8.990000000E1,-2.039981387E-1,3.382214572E-2,7.989483240E-3
9.000000000E1,-1.992044488E-1,1.810949534E-2,1.038632821E-2
9.010000000E1,-2.101234092E-1,2.836266550E-2,1.118527654E-2
9.020000000E1,-2.016012938E-1,2.396844972E-2,1.078580237E-2
9.030000000E1,-2.058623515E-1,-1.291633124E-2,1.318264735E-2
9.040000000E1,-2.081260384E-1,2.969424604E-2,2.130528864E-3
9.050000000E1,-1.924133880E-1,-6.924218808E-3,2.649845275E-2
9.060000000E1,-2.022670840E-1,-3.928162593E-2,1.131843459E-2
9.070000000E1,-2.155828894E-1,-6.791060754E-3,1.078580237E-2
9.080000000E1,-2.118544639E-1,2.396844972E-3,5.858954376E-3
9.090000000E1,-2.269013240E-1,2.982740410E-2,1.131843459E-2
9.100000000E1,-2.002697132E-1,4.940163803E-2,9.587379888E-3
9.110000000E1,-2.181128925E-1,3.102582658E-2,-2.396844972E-3
9.120000000E1,-2.094576189E-1,-7.989483240E-3,1.344896345E-2
9.130000000E1,-2.099902512E-1,2.237055307E-2,1.038632821E-2
9.140000000E1,-2.070607740E-1,4.540689641E-2,2.197107891E-2
9.150000000E1,-2.275671143E-1,7.536745856E-2,5.992112430E-3
9.160000000E1,-2.404834455E-1,6.458165619E-2,1.904160172E-2
9.170000000E1,-2.163818378E-1,1.757686313E-2,9.454221834E-3
9.180000000E1,-2.059955095E-1,2.316950140E-2,1.944107588E-2
9.190000000E1,-2.213086857E-1,6.564692062E-2,-2.929477188E-3
9.200000000E1,-2.167813119E-1,9.560748277E-2,-3.861583566E-3
9.210000000E1,-2.199771052E-1,1.930791783E-2,1.411475372E-2
9.220000000E1,-2.134523606E-1,1.145159264E-2,1.877528561E-2
9.230000000E1,-1.864212756E-1,-3.715109707E-2,2.130528864E-2
9.240000000E1,-2.553971476E-1,5.978796625E-2,-4.926847998E-3
9.250000000E1,-2.030660324E-1,3.209109101E-2,1.637844064E-2
9.260000000E1,-2.125202542E-1,3.462109404E-2,4.527373836E-3
9.270000000E1,-2.053297193E-1,-5.193164106E-3,1.731054702E-2
9.280000000E1,-1.881523303E-1,-4.980111220E-2,2.609897858E-2
9.290000000E1,-2.203765794E-1,8.788431564E-3,1.411475372E-2
9.300000000E1,-2.137186767E-1,2.543318831E-2,1.318264735E-2
9.310000000E1,-2.139849928E-1,4.340952560E-2,-3.994741620E-4
9.320000000E1,-2.051965612E-1,2.130528864E-2,1.171790875E-2
9.330000000E1,-2.411492358E-1,6.404902397E-2,-4.926847998E-3
9.340000000E1,-2.053297193E-1,4.780374139E-2,6.391586592E-3
9.350000000E1,-2.034655065E-1,1.997370810E-2,7.989483240E-3
9.360000000E1,-1.703091511E-1,-3.901530982E-2,2.676476885E-2
9.370000000E1,-2.078597223E-1,7.190534916E-3,5.193164106E-3
9.380000000E1,-2.000033971E-1,2.543318831E-2,1.464738594E-2
9.390000000E1,-1.941444427E-1,1.384843762E-2,1.584580843E-2
9.400000000E1,-2.238386888E-1,1.797633729E-2,1.611212453E-2
9.410000000E1,-2.348908073E-1,8.402273207E-2,1.424791178E-2
9.420000000E1,-2.090581448E-1,9.614011499E-2,6.791060754E-3
9.430000000E1,-2.065281418E-1,1.797633729E-2,1.251685708E-2
9.440000000E1,-2.059955095E-1,2.729740107E-2,1.771002118E-2
9.450000000E1,-2.143844669E-1,-1.797633729E-2,6.524744646E-3
9.460000000E1,-1.953428652E-1,-1.957423394E-2,1.837581145E-2
9.470000000E1,-2.197107891E-1,2.743055912E-2,6.924218808E-3
9.480000000E1,-2.174471022E-1,2.476739804E-2,7.856325186E-3
9.490000000E1,-2.141181508E-1,2.356897556E-2,2.210423696E-2
9.500000000E1,-2.010686615E-1,4.021373231E-2,-1.331580540E-4
9.510000000E1,-2.319613301E-1,8.508799651E-2,9.054747672E-3
9.520000000E1,-2.165149958E-1,2.636529469E-2,1.078580237E-2
9.530000000E1,-2.047970871E-1,-6.524744646E-3,1.358212151E-2
9.540000000E1,-2.426139744E-1,1.133175040E-1,9.986854050E-3
9.550000000E1,-2.014681357E-1,5.073321857E-2,2.250371113E-2
9.560000000E1,-2.035986646E-1,3.555320042E-2,7.989483240E-3
9.570000000E1,-2.151834153E-1,4.753742528E-2,1.091896043E-2
9.580000000E1,-2.081260384E-1,1.970739199E-2,1.611212453E-2
9.590000000E1,-2.211755277E-1,-3.755057123E-2,1.304948929E-2
9.600000000E1,-1.945439169E-1,1.225054097E-2,7.323692970E-3
9.610000000E1,-2.126534122E-1,2.396844972E-2,7.590009078E-3
9.620000000E1,-2.265018499E-1,-3.728425512E-2,2.530003026E-3
9.630000000E1,-2.129197283E-1,3.075951047E-2,1.451422789E-2
9.640000000E1,-1.989381327E-1,-1.198422486E-3,1.691107286E-2
9.650000000E1,-2.198439472E-1,6.724481727E-2,1.691107286E-2
9.660000000E1,-2.061286676E-1,3.502056820E-2,1.810949534E-2
9.670000000E1,-2.069276159E-1,3.981425815E-2,3.595267458E-3
9.680000000E1,-2.061286676E-1,-3.249056518E-2,1.504686010E-2
9.690000000E1,-1.972070780E-1,3.209109101E-2,8.788431564E-3
9.700000000E1,-1.950765491E-1,3.355582961E-2,8.255799348E-3
9.710000000E1,-2.187786827E-1,2.636529469E-2,1.784317924E-2
9.720000000E1,-2.126534122E-1,-2.663161080E-4,1.531317621E-2
9.730000000E1,-1.842907467E-1,-2.783003329E-2,2.410160777E-2
9.740000000E1,-2.110555156E-1,4.980111220E-2,1.771002118E-2
9.750000000E1,-2.173139441E-1,4.780374139E-2,1.025317016E-2
9.760000000E1,-2.137186767E-1,2.303634334E-2,2.303634334E-2
9.770000000E1,-2.299639593E-1,5.073321857E-2,1.664475675E-2
9.780000000E1,-2.234392146E-1,3.195793296E-2,1.384843762E-2
9.790000000E1,-2.102565673E-1,2.676476885E-2,1.411475372E-2
9.800000000E1,-2.063949837E-1,-1.304948929E-2,1.717738897E-2
9.810000000E1,-2.186455247E-1,2.210423696E-2,1.451422789E-2
9.820000000E1,-2.118544639E-1,1.094559204E-1,1.158475070E-2
9.830000000E1,-2.123870961E-1,3.502056820E-2,1.491370205E-2
9.840000000E1,-2.237055307E-1,5.432848603E-2,1.051948627E-2
9.850000000E1,-2.033323485E-1,4.607268668E-2,1.251685708E-2
9.860000000E1,-2.350239653E-1,2.197107891E-2,2.210423696E-2
9.870000000E1,-2.189118408E-1,2.330265945E-2,2.197107891E-2
9.880000000E1,-1.997370810E-1,-6.418218203E-2,1.105211848E-2
9.890000000E1,-2.143844669E-1,3.954794204E-2,1.504686010E-2
9.900000000E1,-2.155828894E-1,3.901530982E-2,8.522115456E-3
9.910000000E1,-1.830923242E-1,-4.274373533E-2,1.771002118E-2
9.920000000E1,-2.118544639E-1,5.592638268E-3,1.051948627E-2
9.930000000E1,-2.162486797E-1,3.595267458E-2,7.856325186E-3
9.940000000E1,-2.162486797E-1,3.448793599E-2,1.304948929E-2
9.950000000E1,-2.250371113E-1,-1.531317621E-2,2.277002723E-2
9.960000000E1,-1.940112847E-1,5.552690852E-2,7.057376862E-3
9.970000000E1,-1.865544337E-1,-1.704423091E-2,5.326322160E-3
9.980000000E1,-2.238386888E-1,9.853695996E-3,1.544633426E-2
9.990000000E1,-2.233060566E-1,3.075951047E-2,1.038632821E-2
1.000000000E2,-1.961418135E-1,3.155845880E-2,1.864212756E-3
1.001000000E2,-2.126534122E-1,-3.595267458E-3,9.986854050E-3
1.002000000E2,-2.035986646E-1,1.238369902E-2,1.198422486E-2
1.003000000E2,-2.269013240E-1,3.182477491E-2,1.451422789E-2
1.004000000E2,-2.194444730E-1,8.788431564E-3,1.198422486E-2
1.005000000E2,-2.078597223E-1,6.298375954E-2,9.054747672E-3
1.006000000E2,-2.242381629E-1,5.313006355E-2,1.051948627E-2
1.007000000E2,-2.254365854E-1,5.978796625E-2,9.454221834E-3
1.008000000E2,-2.190449988E-1,2.663161080E-2,1.291633124E-2
1.009000000E2,-2.051965612E-1,3.888215177E-2,9.054747672E-3
1.010000000E2,-2.005360293E-1,-3.355582961E-2,2.077265642E-2
1.011000000E2,-2.351571234E-1,6.564692062E-2,4.660531890E-3
1.012000000E2,-2.126534122E-1,1.531317621E-2,1.344896345E-2
1.013000000E2,-2.099902512E-1,4.021373231E-2,1.025317016E-2
1.014000000E2,-1.972070780E-1,1.424791178E-2,1.704423091E-2
1.015000000E2,-2.213086857E-1,6.085323068E-2,2.130528864E-2
1.016000000E2,-2.110555156E-1,6.005428235E-2,1.025317016E-2
1.017000000E2,-2.199771052E-1,3.075951047E-2,1.824265340E-2
1.018000000E2,-2.101234092E-1,2.037318226E-2,1.185106681E-2
1.019000000E2,-2.062618256E-1,2.769687523E-2,1.265001513E-2
1.020000000E2,-2.213086857E-1,1.464738594E-3,5.592638268E-3
1.021000000E2,-2.444781871E-1,1.162469811E-1,1.557949232E-2
1.022000000E2,-2.222407921E-1,2.836266550E-2,9.054747672E-3
1.023000000E2,-2.141181508E-1,3.595267458E-2,1.717738897E-2
1.024000000E2,-2.367550200E-1,8.042746462E-2,3.728425512E-3
1.025000000E2,-2.081260384E-1,-3.701793901E-2,1.291633124E-2
1.026000000E2,-1.945439169E-1,2.503371415E-2,1.771002118E-2
1.027000000E2,-2.310292237E-1,2.303634334E-2,1.451422789E-2
1.028000000E2,-2.247707952E-1,5.539375046E-2,1.238369902E-2
1.029000000E2,-2.259692176E-1,2.476739804E-2,1.411475372E-2
1.030000000E2,-2.154497314E-1,3.675162290E-2,-7.456851024E-3
1.031000000E2,-2.157160475E-1,-8.122641294E-3,2.929477188E-3
1.032000000E2,-2.171807861E-1,4.567321252E-2,7.190534916E-3
1.033000000E2,-2.162486797E-1,3.129214269E-2,1.850896951E-2
1.034000000E2,-2.261023757E-1,1.691107286E-2,1.824265340E-2
1.035000000E2,-2.186455247E-1,4.780374139E-2,1.145159264E-2
1.036000000E2,-2.038649807E-1,-4.021373231E-2,1.225054097E-2
1.037000000E2,-2.218413180E-1,2.862898161E-2,9.720537942E-3
1.038000000E2,-2.183792086E-1,4.660531890E-2,1.185106681E-2
1.039000000E2,-2.174471022E-1,1.331580540E-4,1.118527654E-2
1.040000000E2,-2.041312968E-1,-5.486111825E-2,1.025317016E-2
1.041000000E2,-2.053297193E-1,1.211738291E-2,-3.994741620E-4
1.042000000E2,-2.081260384E-1,1.571265037E-2,2.024002421E-2
1.043000000E2,-2.253034274E-1,3.502056820E-2,-1.331580540E-4
1.044000000E2,-2.083923545E-1,3.542004236E-2,1.185106681E-2
1.045000000E2,-1.880191722E-1,5.326322160E-4,2.636529469E-2
1.046000000E2,-2.253034274E-1,2.729740107E-2,1.864212756E-2
1.047000000E2,-2.078597223E-1,1.131843459E-2,9.853695996E-3
1.048000000E2,-2.154497314E-1,2.769687523E-2,1.371527956E-2
1.049000000E2,-2.163818378E-1,8.468852234E-2,6.524744646E-3
1.050000000E2,-2.074602481E-1,-3.688478096E-2,6.524744646E-3
1.051000000E2,-2.173139441E-1,6.671218505E-2,2.303634334E-2
1.052000000E2,-2.123870961E-1,3.089266853E-2,9.321063780E-3
1.053000000E2,-2.061286676E-1,2.716424302E-2,2.649845275E-2
1.054000000E2,-2.247707952E-1,2.263686918E-2,1.265001513E-2
1.055000000E2,-2.311623817E-1,-2.902845577E-2,-1.864212756E-3
1.056000000E2,-2.103897253E-1,6.524744646E-2,1.078580237E-2
1.057000000E2,-2.213086857E-1,3.102582658E-2,5.459480214E-3
1.058000000E2,-2.091913028E-1,1.398159567E-2,1.464738594E-2
1.059000000E2,-2.304965915E-1,2.303634334E-2,2.516687221E-2
1.060000000E2,-2.226402663E-1,2.703108496E-2,9.454221834E-3
1.061000000E2,-1.929460202E-1,-4.673847695E-2,1.717738897E-2
1.062000000E2,-2.138518347E-1,2.596582053E-2,9.054747672E-3
1.063000000E2,-2.081260384E-1,2.050634032E-2,1.677791480E-2
1.064000000E2,-2.199771052E-1,-3.595267458E-3,2.063949837E-2
1.065000000E2,-2.245044790E-1,9.720537942E-2,1.864212756E-3
1.066000000E2,-2.255697435E-1,3.781688734E-2,1.051948627E-2
1.067000000E2,-2.110555156E-1,3.235740712E-2,9.587379888E-3
1.068000000E2,-2.320944881E-1,1.837581145E-2,2.037318226E-2
1.069000000E2,-2.102565673E-1,2.623213664E-2,1.251685708E-2
1.070000000E2,-1.982723424E-1,2.250371113E-2,1.131843459E-2
1.071000000E2,-2.058623515E-1,-1.944107588E-2,1.757686313E-2
1.072000000E2,-2.149170992E-1,2.596582053E-2,9.321063780E-3
1.073000000E2,-2.312955398E-1,0.000000000E0,2.010686615E-2
1.074000000E2,-2.343581750E-1,6.032059846E-2,9.054747672E-3
1.075000000E2,-2.094576189E-1,-3.595267458E-2,2.223739502E-2
1.076000000E2,-2.213086857E-1,6.418218203E-2,1.238369902E-2
1.077000000E2,-2.149170992E-1,3.568635847E-2,1.571265037E-2
1.078000000E2,-2.190449988E-1,1.677791480E-2,-2.796319134E-3
1.079000000E2,-2.163818378E-1,3.675162290E-2,2.090581448E-2
1.080000000E2,-1.870870659E-1,2.663161080E-4,1.265001513E-2
1.081000000E2,-2.270344821E-1,7.257113943E-2,1.651159870E-2
1.082000000E2,-2.182460505E-1,3.728425512E-2,7.856325186E-3
1.083000000E2,-2.221076341E-1,3.009372020E-2,6.125270484E-3
1.084000000E2,-2.087918287E-1,2.356897556E-2,7.057376862E-3
1.085000000E2,-2.181128925E-1,2.743055912E-2,1.358212151E-2
1.086000000E2,-2.215750019E-1,1.424791178E-2,9.986854050E-3
1.087000000E2,-2.282329046E-1,-5.592638268E-3,1.371527956E-2
1.088000000E2,-2.143844669E-1,1.850896951E-2,1.331580540E-2
1.089000000E2,-2.103897253E-1,3.195793296E-2,1.158475070E-2
1.090000000E2,-1.925465461E-1,-4.434163198E-2,2.316950140E-2
1.091000000E2,-2.221076341E-1,2.490055610E-2,1.211738291E-2
1.092000000E2,-2.051965612E-1,-7.057376862E-3,1.664475675E-2
1.093000000E2,-2.149170992E-1,8.056062267E-2,5.592638268E-3
1.094000000E2,-2.057291934E-1,1.185106681E-2,1.451422789E-2
1.095000000E2,-2.029328743E-1,2.889529772E-2,5.858954376E-3
1.096000000E2,-1.857554853E-1,-6.418218203E-2,2.170476280E-2
1.097000000E2,-2.177134183E-1,-1.704423091E-2,7.456851024E-3
1.098000000E2,-2.215750019E-1,1.970739199E-2,1.704423091E-2
1.099000000E2,-2.138518347E-1,3.914846788E-2,9.454221834E-3
1.100000000E2,-2.398176553E-1,6.191849511E-2,5.992112430E-3
1.101000000E2,-2.102565673E-1,3.262372323E-2,6.391586592E-3
1.102000000E2,-1.796302148E-1,-1.597896648E-2,2.783003329E-2
1.103000000E2,-2.237055307E-1,7.656588105E-2,2.796319134E-2
1.104000000E2,-2.082591965E-1,2.689792691E-2,1.051948627E-2
1.105000000E2,-2.131860445E-1,2.463423999E-2,1.358212151E-2
1.106000000E2,-2.109223575E-1,7.590009078E-3,5.858954376E-3
1.107000000E2,-2.242381629E-1,6.364954981E-2,-2.796319134E-3
1.108000000E2,-2.367550200E-1,9.574064083E-2,-7.590009078E-3
1.109000000E2,-2.071939320E-1,3.608583263E-2,8.655273510E-3
1.110000000E2,-2.201102633E-1,1.411475372E-2,6.391586592E-3
1.111000000E2,-2.251702693E-1,3.635214874E-2,6.125270484E-3
1.112000000E2,-2.187786827E-1,5.073321857E-2,1.185106681E-2
1.113000000E2,-1.986718166E-1,-5.819006960E-2,2.663161080E-2
1.114000000E2,-2.195776310E-1,7.057376862E-3,1.664475675E-2
1.115000000E2,-2.145176250E-1,3.169161685E-2,1.424791178E-2
1.116000000E2,-2.255697435E-1,2.263686918E-2,1.691107286E-2
1.117000000E2,-2.005360293E-1,4.167847090E-2,1.118527654E-2
1.118000000E2,-2.111886736E-1,6.684534311E-2,1.185106681E-2
1.119000000E2,-2.439455549E-1,6.098638873E-2,2.490055610E-2
